{"size": 24, "names": ["O", "O", "O", "O", "O", "O", "C", "C", "C", "C", "C", "C", "H", "H", "H", "H", "H", "H", "H", "H", "H", "H", "H", "H"], "x": [-1.26082789, 2.08145354, 2.47744829, -0.05594033, -2.28694069, -1.12296093, 1.01275909, 1.2106918, -0.29474487, 0.11995762, -1.19076444, -0.86924163, 0.96389727, 1.12097977, -0.03915758, 0.41778267, -1.20495356, -1.80016707, -0.14114429, 2.74255745, 3.15509883, 0.80884023, -3.08059948, -1.53293579], "y": [-0.35671753, -1.63593183, 1.21365924, 2.60819661, 1.63503357, -1.82679468, -0.72089439, 0.61375649, -1.35520775, 1.61811672, 0.84148137, -2.40902713, -0.55417514, 0.43225548, -1.87361265, 2.09000486, 0.53141597, -2.79715752, -3.23680489, -1.55417581, 0.66883363, 3.03315501, 1.13137776, -2.50003162], "z": [-0.66792113, -0.08822015, -0.21738113, -1.128166, -0.17763563, 1.91998397, 0.20963444, -0.51154551, -0.30391551, -0.1250843, 0.13470937, 0.63406569, 1.29789015, -1.59775247, -1.24349872, 0.83127726, 1.19629334, 0.18728419, 0.70837584, 0.61478807, -0.64827173, -1.24590629, 0.06494479, 2.4821106]}