{"size": 14, "names": ["O", "O", "O", "N", "C", "C", "C", "H", "H", "H", "H", "H", "H", "H"], "x": [1.89793149, -1.06014299, -1.57027429, -0.1890765, 0.16912999, 1.47419062, -0.91218175, 0.35389383, 2.24148178, 1.30350997, -0.58867702, -0.91558238, 2.13343661, -1.73147417], "y": [1.01253354, 1.41504034, 0.20451944, -2.02020399, -0.61853526, -0.34438117, 0.35278059, -0.44335328, -1.03467205, -0.58582654, -2.13464579, -2.29791029, 1.24556349, 1.99634067], "z": [-0.29823387, 0.81942799, -1.02560418, 0.26374889, 0.45822143, -0.32402908, -0.01663313, 1.52846629, 0.06295606, -1.3829019, -0.67095014, 0.92355346, 0.61310833, 0.40945081]}