{"size": 24, "names": ["O", "O", "O", "O", "O", "O", "C", "C", "C", "C", "C", "C", "H", "H", "H", "H", "H", "H", "H", "H", "H", "H", "H", "H"], "x": [-0.01483261, -0.63916942, 1.9804377, -2.12543188, 4.01980395, -3.27901367, 0.27268613, -0.65054937, 1.76121665, -2.10216605, 2.65626112, -2.76733449, 0.03549756, -0.27693542, 2.00995258, -2.69258808, 2.36213842, 2.55936992, 0.48210708, -0.90828636, -2.82218863, 2.93169076, -2.63440785, 4.39861334], "y": [-1.36608173, 1.21242886, 1.31797113, 0.75887903, -0.54682285, -1.3267761, -0.22670594, 0.94489344, 0.13608226, 0.72680221, -0.98803539, -0.53579916, -0.52964376, 1.85235685, 0.32266933, 1.56460953, -1.22877295, -1.89921237, -1.255976, 0.39581099, -0.68767058, 1.31880348, -0.03859468, -0.55459078], "z": [0.84628139, 1.78547517, -0.66077083, -1.54059477, -0.5154141, -0.40412289, 0.01562977, 0.38566805, 0.09635962, -0.13602514, -0.43309984, 0.36799426, -1.01539141, -0.10552846, 1.16720447, 0.29412143, -1.4645061, 0.17707327, 1.67465672, 2.23884728, 1.46948987, -0.87569598, -1.80392986, 0.3776667]}