{"size": 14, "names": ["S", "O", "O", "N", "C", "C", "C", "H", "H", "H", "H", "H", "H", "H"], "x": [2.20015918, -2.34370509, -1.00680852, -0.8247256, -0.18361761, 1.07930411, -1.18320462, 0.10223848, 1.67831067, 0.81561647, -1.7217243, -0.23923863, 1.39397022, -2.92942323], "y": [0.74867706, 0.3053242, 1.21865702, -1.98917107, -0.66750367, -0.65992283, 0.38918956, -0.37092951, -1.54656394, -0.72477985, -1.97751453, -2.68247421, 1.68062627, 1.004572], "z": [-0.13369327, 0.69015062, -0.88562702, 0.36372139, 0.44374432, -0.42189522, -0.02011883, 1.4742906, -0.17300301, -1.48363604, 0.84946665, 0.83029453, -0.69082245, 0.33988188]}