{"size": 23, "names": ["O", "O", "N", "C", "C", "C", "C", "C", "C", "C", "C", "C", "H", "H", "H", "H", "H", "H", "H", "H", "H", "H", "H"], "x": [-1.37706947, -2.54025717, -2.91071752, -0.52108701, -1.64007061, 0.81506234, 1.20220105, 1.68913152, -1.91929838, 2.42589793, 2.91219526, 3.28456528, -0.89000095, -0.41722728, -1.28025761, 0.53667545, 1.40998789, -2.75634731, -3.34077666, 2.71121875, 3.5793575, 4.24178562, -1.57236352], "y": [-1.15486579, -1.26619687, 1.52172014, 1.09357421, 0.87429978, 0.48611445, -0.75303176, 1.13478979, -0.61775553, -1.32940103, 0.56172847, -0.67442406, 0.69262454, 2.18344752, 1.24601513, -1.26872675, 2.10550107, 2.49525044, 1.04863475, -2.29131494, 1.08401191, -1.12168422, -2.11266521], "z": [-1.48390991, 0.45336248, 0.08326122, 0.83235851, -0.23446714, 0.48633945, 1.01625824, -0.39860722, -0.36466116, 0.67033415, -0.74774434, -0.21436807, 1.78792706, 0.95068671, -1.20412844, 1.71138142, -0.81418932, 0.3466556, 0.88080839, 1.09762034, -1.43422738, -0.48282538, -1.4508126]}