{"size": 13, "names": ["C", "C", "N", "C", "O", "O", "H", "H", "H", "H", "H", "H", "H"], "x": [1.0787302, -0.08925374, -1.35384946, -0.00428206, -0.66664321, 0.93672321, 1.04573212, 2.04473127, 0.99339317, -2.12650898, -1.52686261, 0.94538183, 0.02927316], "y": [-1.44353398, -0.67192986, -1.30888042, 0.79646072, 1.31172819, 1.48065319, -2.48551392, -1.00404628, -1.43486182, -0.83137578, -1.19942461, 2.38887735, -0.69652414], "z": [-0.22418417, 0.40785331, 0.06686434, -0.02416363, -0.90048295, 0.68818591, 0.11497585, 0.05170454, -1.32011054, 0.53319204, -0.93505141, 0.32686567, 1.50171653]}