{"size": 17, "names": ["O", "O", "O", "N", "C", "C", "C", "C", "H", "H", "H", "H", "H", "H", "H", "H", "H"], "x": [-1.65718509, 1.34732421, 1.77545662, 0.31664279, -1.34017508, 0.04847552, -1.44766227, 1.14398213, -0.02200442, -2.06084958, -1.2875601, -2.45507021, -0.71906998, 0.67721538, 1.05384915, -1.58177474, 2.02627698], "y": [-1.22302604, -1.58125547, 0.00905718, 1.86972955, 0.17077973, 0.43502831, 0.67401224, -0.3704919, 0.07843169, 0.72332245, 1.75818403, 0.46305236, 0.17724615, 2.15643217, 2.07760867, -1.58017805, -2.03638199], "z": [0.04721335, 0.62779407, -0.92482755, 0.76155275, 0.07552252, 0.73822014, -1.35376542, 0.04036969, 1.7771389, 0.70557074, -1.39734676, -1.73337553, -2.0071702, -0.15122252, 1.4353114, 0.94606798, 0.09063624]}