{"size": 19, "names": ["O", "O", "N", "C", "C", "C", "C", "C", "H", "H", "H", "H", "H", "H", "H", "H", "H", "H", "H"], "x": [-1.26746366, -2.10941928, -0.13583637, 1.33284495, -0.05145864, 1.72493674, 1.43906266, -1.24382882, 2.03682751, -0.14034895, 1.64040608, 1.09664237, 2.76848765, 0.80350188, 2.47190008, 1.13497033, -1.07960705, 0.09199642, -2.06819968], "y": [-1.42508185, 0.66361195, 1.75197005, -0.03418707, 0.31491439, -1.50791874, 0.47477555, -0.09206631, 0.55324746, -0.29022245, -1.85921464, -2.15489552, -1.64657333, -0.11385881, 0.39360617, 1.52765295, 2.08761628, 1.96655099, -1.56904731], "z": [0.34885942, 0.47056981, -1.03705298, -0.14426536, -0.7805935, -0.27181724, 1.29441307, 0.07640953, -0.75692911, -1.70417214, -1.31081442, 0.35263733, 0.04333458, 1.97340988, 1.65955977, 1.35657861, -0.84030628, -2.00485773, 0.89061769]}