{"size": 17, "names": ["O", "O", "N", "C", "C", "C", "C", "C", "H", "H", "H", "H", "H", "H", "H", "H", "H"], "x": [2.23264667, 1.86641277, -0.76718458, 0.03520697, -0.7360301, -2.1524945, -1.88020953, 1.45034121, 0.12929794, -0.68312188, -0.30991103, -2.73242118, -2.704547, -1.61474464, -2.74654631, -0.1760784, 3.11500465], "y": [-1.02934664, 1.07778198, 1.07603303, -0.15151304, -1.19017807, -0.60426871, 0.89825191, 0.06514437, -0.52979258, -2.19911528, -1.23080527, -0.96883057, -0.84922873, 1.18976714, 1.50118456, 1.86825345, -0.80576562], "z": [0.30553832, -0.43477248, 0.56849597, 0.5974798, -0.26593118, -0.31906808, -0.38048727, 0.09173156, 1.63098832, 0.15811727, -1.27917649, -1.17604346, 0.59982252, -1.41531342, -0.07319737, 0.31635107, -0.04949569]}