{"size": 27, "names": ["O", "O", "O", "N", "N", "N", "N", "N", "C", "C", "C", "C", "C", "C", "C", "C", "H", "H", "H", "H", "H", "H", "H", "H", "H", "H", "H"], "x": [2.42759837, -4.07210936, 4.18454168, 0.25191641, -0.85447164, -1.35624434, -3.0423902, -2.2171131, -0.81646037, 1.53045716, -1.80013845, -0.14001777, -3.06378038, -2.00540103, 3.70807673, 4.58960026, 1.90348855, 1.38991784, 0.53197793, -3.92812575, 4.18304767, 3.61369599, 5.63774101, 4.50488529, -1.36392159, -2.84990336, 4.57105389], "y": [0.46421142, 0.91247646, -1.57410441, 1.09169916, -1.06799441, 2.34470504, -0.95132636, -2.95164148, 0.2470048, 0.72628438, 1.04454853, 2.33583048, 0.44529673, -1.62939769, 0.06083113, -0.30322941, 1.55721654, -0.17064802, 3.18832072, -1.42233961, 0.88260339, -0.81374814, -0.33214261, 0.4852717, -3.4422148, -3.48554042, -1.68855413], "z": [0.04677741, -1.09355022, -1.15937769, 0.56917821, 0.66806899, -0.39862695, -0.22033522, 0.68834343, 0.34883953, 1.11087833, -0.24718219, 0.08918449, -0.58602026, 0.36360805, 0.52292725, -0.65073404, 1.73911486, 1.73838855, 0.13480453, -0.38982213, 1.09443123, 1.1943235, -0.29869425, -1.41784306, 0.93526781, 0.10335296, -2.03952623]}