{"size": 15, "names": ["N", "N", "N", "N", "N", "C", "C", "C", "C", "C", "H", "H", "H", "H", "H"], "x": [-1.24051039, -2.05054779, 0.05312188, 1.96992863, 1.80559192, -0.20106781, -0.67752213, 1.20366159, -2.32309857, 1.36414213, -2.71836952, -3.34298167, 2.03565328, 2.8152731, 1.25064364], "y": [-1.42980669, 0.67246774, 1.92620635, 0.44626109, -1.87371947, -0.51537147, 0.80423095, -0.6614309, -0.68037, 1.64637292, 1.43457195, -1.05381035, 2.50833393, -1.92173867, -2.71780898], "z": [0.00077073, -0.00063644, -0.00119739, -7.619e-05, 0.00135601, 0.00030238, -0.00057641, 0.00053436, 0.0001855, -0.00088396, -0.00118204, 0.00031549, -0.00131847, 0.00148074, 0.00181624]}