{"size": 10, "names": ["C", "O", "O", "C", "N", "H", "H", "H", "H", "H"], "x": [0.00206954, 1.17906485, -0.99421921, -0.56417983, 0.40865652, -0.55393662, -1.22691444, -1.22691444, 1.02053322, 1.02053322], "y": [0.55490442, 0.84569206, 1.48564968, -0.86200577, -1.93630805, 2.3579742, -0.95399172, -0.95399172, -1.8519802, -1.8519802], "z": [0.0, 0.0, 0.0, 0.0, 0.0, 0.0, 0.87449, -0.87449, 0.81249227, -0.81249227]}