{"size": 20, "names": ["O", "O", "N", "C", "C", "C", "C", "C", "C", "C", "C", "H", "H", "H", "H", "H", "H", "H", "H", "H"], "x": [3.97089111, -2.56847191, -1.51860645, -0.1502975, 0.31765754, 0.78348982, 1.69011285, 2.14997302, 2.61265325, -2.62518012, -3.95454638, -0.39643042, 0.43310961, -1.70723529, 2.04315943, 2.86850673, -4.5068042, -4.54498399, -3.86699094, 4.14538583], "y": [0.37613757, 1.34777726, -0.69061767, -0.34725803, 0.97086877, -1.39170922, 1.22052788, -1.13932999, 0.17640677, 0.1269555, -0.60968267, 1.784486, -2.42292801, -1.68305625, 2.25108475, -1.95368795, -0.38657781, -0.21582953, -1.69833773, 1.32717716], "z": [0.03919029, -0.1673462, 0.03363663, 0.0280064, -0.07979293, 0.13706536, -0.07660631, 0.1397421, 0.0322842, -0.05922925, -0.01744368, -0.16467242, 0.22096362, 0.11848397, -0.16097379, 0.22308624, -0.93900474, 0.81924822, 0.09033254, -0.04182804]}