{"size": 21, "names": ["O", "O", "O", "O", "C", "C", "C", "C", "C", "C", "C", "C", "C", "H", "H", "H", "H", "H", "H", "H", "H"], "x": [1.1253146, -0.90338633, 1.03334946, 1.76618465, -0.21894489, -0.8588965, -0.94391762, -2.24190281, -2.31460751, -2.96609105, -0.12228719, 2.05989513, 3.42950158, -0.41138647, -2.74334773, -2.87204928, -4.03696388, 3.57255729, 4.1840389, 3.52345946, -0.32450172], "y": [0.83863638, -2.76897312, -1.92204136, 0.52029436, 0.76862932, -0.44728658, 1.956445, -0.41576329, 1.95943652, 0.76927649, -1.73863025, 0.60563069, 0.49240877, 2.87270217, -1.34770627, 2.89422665, 0.76441212, 1.21541409, 0.6265428, -0.51549518, -3.55430672], "z": [0.71227863, -0.41163796, 0.36998987, -1.45755813, 0.38427535, 0.06297786, 0.45745005, -0.19306231, 0.20911071, -0.12132645, 0.03346421, -0.29237649, 0.30698757, 0.70872387, -0.44434004, 0.26888458, -0.32100281, 1.11775197, -0.47260246, 0.73477671, -0.38177435]}