{"size": 20, "names": ["O", "O", "O", "N", "N", "C", "C", "C", "C", "C", "H", "H", "H", "H", "H", "H", "H", "H", "H", "H"], "x": [-2.2875262, -2.33054888, 2.61325244, -1.45494451, 3.34720498, 0.18746547, -1.30193509, 0.96862427, -2.03063498, 2.37337556, 0.27328909, 0.63599115, -1.73279749, 1.01299182, 0.46782859, -1.38840245, -2.39406671, 3.15393086, 4.28838249, -2.70576062], "y": [1.40384231, 0.50253171, 1.14735218, -2.00713433, -0.18079909, -0.4093825, -0.76821048, -0.23094587, 0.41733305, 0.31200186, 0.50939896, -1.22372976, -0.91542977, -1.17661435, 0.50387956, -1.79824642, -2.3824632, -0.87096075, 0.18235291, 2.13276058], "z": [0.91369676, -1.16109879, 0.67493708, -0.10586095, -1.01423072, 0.85447103, 0.65247542, -0.44807973, 0.0132625, -0.18953879, 1.44940078, 1.44072265, 1.65325965, -1.00779265, -1.10094855, -1.10473471, 0.02991675, -1.72686955, -0.92240747, 0.4142719]}