{"size": 15, "names": ["O", "O", "N", "N", "C", "C", "C", "C", "C", "H", "H", "H", "H", "H", "H"], "x": [-1.44833639, 2.88169223, 0.69482374, 1.1553052, -1.14346542, -0.70569411, -0.19284046, -2.6131517, 1.68272248, -0.44584137, 1.02528062, 1.8426347, -3.09669306, -3.09624893, -2.81230578], "y": [1.85263134, 0.31098805, 1.05182386, -1.21005329, -0.52102274, 0.87766966, -1.48919128, -0.80084099, 0.07892936, -2.54936252, 2.01439013, -1.95501197, -0.35214244, -0.35297775, -1.87950877], "z": [0.00034269, 0.00022662, 0.00021534, -8.454e-05, -0.00031004, 0.00014247, -0.00050559, -0.00026119, 0.00017007, -0.00105359, 0.00046904, 0.00016509, -0.87924842, 0.87942483, -0.00064148]}