{"size": 22, "names": ["O", "O", "N", "C", "C", "C", "C", "C", "C", "H", "H", "H", "H", "H", "H", "H", "H", "H", "H", "H", "H", "H"], "x": [1.82916637, 2.2163813, 0.67288992, -0.80820832, 0.62481523, -1.31406552, -1.7535651, -2.59121379, 1.63919915, -0.72699942, 0.88187488, -0.52761465, -1.48489771, -1.40253478, -1.80938152, -2.76591187, -2.45284202, -2.87602363, -3.44138374, 0.7734476, 1.50712886, 2.46875747], "y": [0.89699945, 0.76172099, -1.6216318, -0.23558676, -0.79292424, 0.61034695, -1.3905232, 1.39776573, 0.35329644, 0.42385391, -1.42102094, 1.31960411, -0.05130426, -1.93719999, -2.10070866, -1.02657217, 2.06263152, 2.02341497, 0.73827543, -1.02204494, -2.20779477, 1.62627551], "z": [-1.39848263, 0.82516016, 1.00903383, -0.45300963, -0.18967893, 0.72915755, -0.79615755, 0.42833231, -0.16201816, -1.33306372, -1.05672019, 1.03406469, 1.59341749, -1.68306263, 0.0392998, -1.01345046, -0.43694879, 1.2849996, 0.20882072, 1.83052406, 0.99421201, -1.27850339]}