{"size": 20, "names": ["S", "O", "O", "N", "C", "C", "C", "C", "C", "H", "H", "H", "H", "H", "H", "H", "H", "H", "H", "H"], "x": [2.22007445, -1.80950883, -3.29776643, -1.42480703, 0.09101458, -0.9443346, 1.1260822, -2.14880285, 3.2853918, 0.5996627, -0.42830974, -0.43922697, 0.6392265, 1.75637228, -2.36762084, -0.82242155, 2.72463564, 4.01484402, 3.82461083, -2.64721938], "y": [0.59713971, 1.59443588, 0.09526637, -1.86289537, -0.50263494, -0.50592758, 0.62354716, 0.38623464, -0.81526857, -1.47603508, -0.47692173, -0.05269294, 1.60634544, 0.60544713, -1.81906293, -2.32730484, -1.75646817, -0.89386243, -0.64646684, 2.08973249], "z": [0.59719627, -0.55047623, 0.24449434, 0.49459816, -0.91490798, 0.23342469, -0.86140918, -0.01923216, 0.20024, -0.87547363, -1.8855536, 1.11378584, -0.82788473, -1.76229918, 0.88533584, 1.17218632, 0.14423181, 1.0149878, -0.74114433, -0.63633644]}