{"size": 20, "names": ["N", "C", "N", "C", "N", "H", "H", "N", "H", "N", "C", "H", "H", "H", "C", "H", "H", "H", "H", "H"], "x": [-0.31986189, -0.40808843, 0.70619423, 0.69246532, 1.98388064, 2.07355845, 2.67825042, -0.37717314, -0.14910944, -1.6425659, -1.50286734, -1.25885287, -2.30966888, -1.87972459, 0.96561918, 1.07311018, 1.75186488, 1.07120229, -2.40388739, -1.58283308], "y": [-0.38874483, -0.0738611, -0.06288413, 0.31487653, 0.39121548, 0.28155327, -0.1089909, 0.6132227, 0.90754062, 0.15699331, -0.4723504, -1.04123568, -1.00725932, 0.51748122, -0.44329173, 0.38551952, -0.36858004, -1.39350298, 0.44674352, 0.45987311], "z": [-1.62785799, -0.29130788, 0.42452972, 1.74469517, 2.2650405, 3.2682258, 1.72061476, 2.43944129, 3.39137269, 0.22522706, -2.45783397, -3.36322835, -1.9383399, -2.77790866, -2.30027901, -3.02062787, -1.54502099, -2.84601284, -0.37372433, 1.22833959]}