{"size": 12, "names": ["O", "O", "N", "N", "C", "C", "C", "C", "H", "H", "H", "H"], "x": [2.30660862, -2.29036281, -0.00131842, 1.14223384, 1.23755999, -1.28503475, -0.04822598, -1.24082486, 0.01703843, 2.0301949, -2.18033996, 0.0358858], "y": [0.95581389, 1.08477419, 0.98769392, -1.02711147, 0.3680376, 0.38743414, -1.70941098, -1.0680152, 2.00535712, -1.5161742, -1.61088954, -2.7953484], "z": [0.00028037, -0.0007092, 0.00016762, -0.00025823, 8.458e-05, -5.961e-05, 0.00015927, 0.00033611, 0.00018951, 0.00012023, 0.00038931, 0.00024348]}