{"size": 24, "names": ["O", "O", "N", "N", "N", "N", "C", "C", "C", "C", "C", "C", "C", "C", "H", "H", "H", "H", "H", "H", "H", "H", "H", "H"], "x": [0.42470696, -3.06657223, -0.93684335, 2.27469798, -1.31833788, 1.41349724, 0.89511381, 0.40859276, 0.05714698, -1.85496625, 2.51953452, -1.41663053, 3.25488349, -2.30950909, 3.53243676, -1.0515863, -2.50878531, -1.05144073, 4.25563331, 3.12971976, 3.12999389, -1.76042958, -2.94744445, -2.94926726], "y": [2.57132566, -0.46226405, -1.33268687, 0.10265243, 1.02637535, -1.98168053, 0.23546417, -1.06381563, 1.39571824, -0.27743318, -1.2349468, -2.7104911, 1.17809356, 2.1025898, -1.62683091, -3.23715246, -2.67646001, -3.2366349, 0.73287264, 1.80822156, 1.80767112, 3.04768913, 2.02753358, 2.02690002], "z": [-0.00098567, 0.00032452, -0.00012428, -6.735e-05, -0.00014988, 0.00013831, -0.00016097, -2.74e-05, -0.00046965, 3.915e-05, 0.00014688, 0.00030487, 0.00012642, 0.00047693, 0.00034276, -0.89021922, 0.00038586, 0.8910812, -0.00014434, -0.88771791, 0.88841166, -0.00038763, 0.8888765, -0.88653457]}