{"size": 24, "names": ["O", "O", "O", "O", "O", "O", "C", "C", "C", "C", "C", "C", "H", "H", "H", "H", "H", "H", "H", "H", "H", "H", "H", "H"], "x": [0.04983585, -1.30110506, -1.05172151, 1.66886994, -2.56924985, 2.60373131, -0.58878829, -1.00880137, 0.9277935, 1.29737203, -2.30070614, 2.2835838, -0.78216814, 1.10840825, 1.70951289, -2.23079296, -3.14786207, 1.86533363, 3.22676078, -0.84963489, -1.39307182, 1.6250139, -1.77140248, 1.77429614], "y": [-0.9263671, 2.23709492, -0.28996183, 2.2857503, -1.97683443, -2.17265872, 1.30834826, -0.12972818, 1.26370857, -0.18060966, -0.60211074, -0.84289771, 1.49142261, 1.42753696, -0.21325367, -0.36148628, -0.04437326, -0.81088429, -0.27699551, 3.09498169, 0.54960729, 2.12921784, -2.46507562, -2.67714624], "z": [-0.43705811, 0.53619603, 1.49207188, -0.68217408, -0.38803101, 0.15091997, -0.26964233, 0.08149996, -0.02652495, -0.41233618, -0.59718419, 0.54061166, -1.34429204, 1.0466326, -1.43645968, -1.67547454, -0.17499819, 1.56239738, 0.53137188, 0.48150065, 1.8527491, -1.64014637, -0.64854284, 0.17132115]}