{"size": 13, "names": ["O", "N", "N", "N", "C", "C", "C", "C", "H", "H", "H", "H", "H"], "x": [2.25717219, -0.05212039, -2.33344118, 1.25586945, -1.12766946, -1.08477234, 1.20130101, 0.15618861, 2.19074799, -1.98257152, 0.31945445, -3.20274262, -2.34470788], "y": [1.11899487, 1.05374314, 0.90843742, -0.9322673, 0.27999033, -1.15709394, 0.50009572, -1.72034836, -1.32746384, -1.76916862, -2.7975851, 0.39671069, 1.92029242], "z": [7.421e-05, -3.15e-06, -1.189e-05, -0.00010596, 1.15e-05, 6.348e-05, -2.797e-05, -1.852e-05, -9.976e-05, 7.211e-05, 1.795e-05, 8.023e-05, 1.195e-05]}