{"size": 22, "names": ["O", "O", "N", "C", "C", "C", "C", "C", "C", "H", "H", "H", "H", "H", "H", "H", "H", "H", "H", "H", "H", "H"], "x": [1.33869502, 1.89050113, 1.70612875, -1.8353599, -0.54791205, 0.64635707, -2.44687416, -1.67029135, 1.35046583, -2.55374201, -0.18182839, -0.81201908, 0.30448744, -1.81865298, -2.58172297, -3.43199045, -1.20832477, -1.04924987, -2.64786022, 1.30684073, 2.08541145, 1.83386811], "y": [-1.34244896, -0.8764458, 1.79404639, 0.15321061, 0.97170266, 0.78396919, 0.40837999, -1.34873881, -0.55146828, 0.53249361, 0.79334978, 2.04095113, 0.82772055, -0.00163191, 1.48296187, -0.07139802, -1.53984491, -1.83044329, -1.85099898, 2.7280769, 1.73013581, -2.15087113], "z": [1.18619167, -0.95706957, 0.13644542, -0.42779053, -0.66595401, 0.29801577, 0.95573155, -0.69087711, 0.07980385, -1.17508518, -1.68997622, -0.60851147, 1.34052775, 1.75977878, 1.14670954, 1.03926645, -1.66918638, 0.07726935, -0.67493434, 0.23835166, -0.81107852, 0.94519671]}