{"size": 24, "names": ["O", "O", "O", "O", "O", "O", "C", "C", "C", "C", "C", "C", "H", "H", "H", "H", "H", "H", "H", "H", "H", "H", "H", "H"], "x": [-0.20342251, -1.92855204, 0.37981951, -4.17130384, 2.76144929, 3.91257718, -0.42355236, -1.84681287, 0.6147641, -2.91663604, 2.03210515, 2.56219818, -0.25097407, -1.99609045, 0.51680115, -2.89313215, -2.74086357, -0.71915892, 2.4269133, 1.9355646, -2.86878728, 1.16702943, -4.86036785, 4.1461282], "y": [0.33205963, -0.09860055, -2.02096614, 0.26520018, -1.05964462, 1.2396273, 0.28494228, -0.15859922, -0.69751698, 0.73540951, -0.2764709, 1.09010246, 1.27427262, -1.19233681, -0.63268505, 0.6588621, 1.78482154, 1.06062868, 1.23652022, 1.85312591, -0.21801672, -2.27110941, 0.90754721, 0.40976003], "z": [1.58509939, -1.61952594, 0.00604631, -0.08822819, 0.55557602, -0.06085643, 0.17520196, -0.19524145, -0.41042736, 0.42232623, -0.03992893, -0.4186618, -0.29153152, 0.16281613, -1.51051215, 1.52371693, 0.12120721, 1.960752, -1.50664986, 0.08256727, -1.83886843, 0.53216721, 0.13483863, 0.4049954]}