{"size": 17, "names": ["O", "O", "O", "N", "N", "C", "C", "C", "C", "H", "H", "H", "H", "H", "H", "H", "H"], "x": [1.92911653, 0.43106759, -1.5167254, 1.96770495, -2.79788155, 0.87764375, -0.47263693, 1.00679295, -1.62406801, 0.95188374, -0.47182518, -0.60758559, 1.99790003, 2.86848496, -2.82593993, -3.57047175, 1.99472949], "y": [-1.64249327, -0.97245666, -0.40507432, 1.42042166, 0.40739973, 0.4739841, 1.14611262, -0.77723618, 0.29195436, 0.16869355, 2.09388824, 1.38391754, 1.6411065, 1.00649667, 0.82465823, -0.18483042, -2.37737549], "z": [-0.06707647, -1.62534814, 1.60677563, 0.01537003, -0.08736329, 0.29884433, 0.07678073, -0.5724723, 0.60300846, 1.350731, 0.63516392, -0.98822191, -0.98209917, 0.25778045, -1.00826371, 0.19500426, -0.7079175]}