{"size": 27, "names": ["O", "O", "N", "N", "C", "C", "C", "C", "C", "C", "C", "C", "C", "C", "C", "H", "H", "H", "H", "H", "H", "H", "H", "H", "H", "H", "H"], "x": [1.6663167, 2.34810688, -1.88105001, 3.78133544, -0.01171024, 1.38500023, -1.02249931, 2.46256085, -2.1846987, -0.58340352, -1.07151277, -3.36602986, 2.16177647, -2.24546026, -3.38037602, 1.41708938, 1.72492362, 2.43180092, -0.16169828, -2.51592154, -0.20035488, -4.24491091, -2.2929146, 3.86599631, 4.51393394, -4.28545788, 1.46824564], "y": [-0.80393858, -1.84949085, 1.98657119, 0.65645198, 1.1097971, 0.99033813, 0.08336095, 0.57879322, 0.66951815, 2.24810793, -1.26944955, -0.04973897, -0.8216024, -1.9864366, -1.38493107, 0.26065756, 1.94980172, 1.28734563, 3.24139518, 2.66359589, -1.75224675, 0.41615715, -3.03449941, -0.09610813, 0.49230251, -1.97486766, -1.73380211], "z": [1.84194934, -0.04553152, 0.45555098, -0.58945511, -0.46656786, -0.99499177, -0.39985356, 0.04111384, 0.18374812, 0.06091389, -0.78604668, 0.38952481, 0.57661524, -0.584129, -0.00145297, -1.8198666, -1.40957134, 0.87970391, 0.1800755, 0.85522194, -1.22997451, 0.83715378, -0.88038672, -1.27736458, 0.10261196, 0.1428423, 2.07229588]}