{"size": 16, "names": ["O", "N", "N", "N", "N", "N", "C", "C", "C", "C", "C", "H", "H", "H", "H", "H"], "x": [0.32478721, 0.62186049, -2.19199338, -1.80374987, 1.51449707, 2.91202559, -0.8316658, -0.56675779, 0.27886504, 1.64815672, -2.74020286, 2.33774426, -1.97637036, -3.80631687, 3.01101377, 3.73678063], "y": [2.68483874, -1.47639283, 0.79217458, -1.421024, 0.71646871, -1.16110654, 0.54978617, -0.82704917, 1.46396939, -0.64839048, -0.40005108, 1.313992, -2.41965625, -0.60584755, -2.16607851, -0.58154823], "z": [0.00063262, -0.00042193, 0.00038923, -0.00019609, 4.209e-05, -0.00052336, 0.00020759, -0.00015774, 0.00033529, -0.00030312, 0.00014156, 0.00012188, -0.00042836, 0.00018624, -0.00081208, -0.00049973]}