{"size": 24, "names": ["O", "O", "O", "N", "C", "C", "C", "C", "C", "C", "C", "C", "C", "H", "H", "H", "H", "H", "H", "H", "H", "H", "H", "H"], "x": [-1.65144366, 4.20483927, -2.83952501, -3.40006998, -1.00993489, -2.07798546, 0.37514616, 0.83435713, 1.23794724, -2.24998092, 2.10441387, 2.50743967, 2.94531179, -1.38256585, -0.98560327, -1.71589711, 0.18926712, 0.91278644, -3.31982113, -3.81823802, 2.44436529, 3.17261771, -1.78532184, 4.37764843], "y": [-1.2075749, -0.81187837, -1.34036142, 1.40323103, 1.16613877, 0.83618131, 0.64046608, -0.54482969, 1.30791296, -0.67460438, -1.04995304, 0.81762143, -0.3696645, 0.77441973, 2.26412144, 1.2007834, -1.08452405, 2.24004218, 2.39340946, 0.92978825, -1.97314342, 1.34412721, -2.1746519, -1.63408589], "z": [-1.4663145, -0.37158825, 0.45400222, -0.02680806, 0.80308462, -0.28609619, 0.52289059, 1.1113755, -0.36054206, -0.37366573, 0.83036217, -0.65309789, -0.05614943, 1.76125032, 0.8873072, -1.25769107, 1.80716873, -0.82747204, 0.20601728, 0.77689455, 1.30593423, -1.3367801, -1.40667821, 0.11394028]}